{"nodes":{"node:1":{"location":{"x":-2136,"y":-975}}},"selection":null,"view":{"scroll":{"x":-2601.7763671875,"y":-1283.82421875},"visible_rect":{"max":{"x":-1634.7763671875,"y":-696.82421875},"min":{"x":-2601.7763671875,"y":-1283.82421875}},"zoom":1}}