{"nodes":{"node:1":{"location":{"x":-2376,"y":-863}}},"selection":["node:1"],"view":{"scroll":{"x":-2148.720703125,"y":-985.6146240234375},"visible_rect":{"max":{"x":-1538.29443359375,"y":-488.819549560546875},"min":{"x":-2864.961181640625,"y":-1314.1529541015625}},"zoom":0.749999880790710449}}