{"nodes":{"node:1":{"location":{"x":-2376,"y":-911}}},"selection":null,"view":{"scroll":{"x":-2626.447265625,"y":-1078.332275390625},"visible_rect":{"max":{"x":-1697.33837890625,"y":-477.88385009765625},"min":{"x":-2732.5244140625,"y":-1121.884033203125}},"zoom":0.961179733276367188}}