{"nodes":{"node:1":{"location":{"x":-2040,"y":-1007}}},"selection":null,"view":{"scroll":{"x":-3093.2265625,"y":-1527.875732421875},"visible_rect":{"max":{"x":-1499.38134765625,"y":-648.70062255859375},"min":{"x":-2474.58154296875,"y":-1222.3006591796875}},"zoom":1.24999988079071045}}